#PicoSessionID,PicoSessionLogID,LogDate,WortTemp,ThermoBlockTemp,Event,ErrorCode,ShuttleScaler
86561,27417071,3/21/2019 7:24:13 PM,65,284,Preparing to Brew,0,0.2
86561,27417074,3/21/2019 7:24:15 PM,65,287,NULL,0,0.2
86561,27417083,3/21/2019 7:24:40 PM,72,238,NULL,0,0.2
86561,27417093,3/21/2019 7:25:06 PM,71,182,NULL,0,0.2
86561,27417102,3/21/2019 7:25:31 PM,70,144,NULL,0,0.2
86561,27417112,3/21/2019 7:25:56 PM,69,118,NULL,0,0.2
86561,27417122,3/21/2019 7:26:21 PM,69,101,NULL,0,0.2
86561,27417132,3/21/2019 7:26:47 PM,69,90,NULL,0,0.2
86561,27417142,3/21/2019 7:27:12 PM,69,83,NULL,0,0.2
86561,27417145,3/21/2019 7:27:16 PM,69,83,Heating,0,0.2
86561,27417159,3/21/2019 7:27:50 PM,74,216,NULL,0,0.2
86561,27417169,3/21/2019 7:28:15 PM,78,311,NULL,0,0.2
86561,27417179,3/21/2019 7:28:40 PM,80,302,NULL,0,0.2
86561,27417189,3/21/2019 7:29:06 PM,81,295,NULL,0,0.2
86561,27417199,3/21/2019 7:29:31 PM,83,294,NULL,0,0.2
86561,27417209,3/21/2019 7:29:56 PM,84,297,NULL,0,0.2
86561,27417219,3/21/2019 7:30:21 PM,89,301,NULL,0,0.2
86561,27417227,3/21/2019 7:30:46 PM,89,335,NULL,0,0.2
86561,27417237,3/21/2019 7:31:12 PM,92,331,NULL,0,0.2
86561,27417245,3/21/2019 7:31:37 PM,94,333,NULL,0,0.2
86561,27417253,3/21/2019 7:32:02 PM,95,331,NULL,0,0.2
86561,27417260,3/21/2019 7:32:27 PM,96,329,NULL,0,0.2
86561,27417270,3/21/2019 7:32:52 PM,99,325,NULL,0,0.2
86561,27417277,3/21/2019 7:33:18 PM,101,332,NULL,0,0.2
86561,27417286,3/21/2019 7:33:43 PM,102,334,NULL,0,0.2
86561,27417296,3/21/2019 7:34:08 PM,102,329,NULL,0,0.2
86561,27417303,3/21/2019 7:34:33 PM,104,331,NULL,0,0.2
86561,27417313,3/21/2019 7:34:58 PM,106,329,NULL,0,0.2
86561,27417322,3/21/2019 7:35:24 PM,109,329,NULL,0,0.2
86561,27417330,3/21/2019 7:35:44 PM,110,325,Dough In,0,0.2
86561,27417333,3/21/2019 7:35:52 PM,100,323,NULL,0,0.2
86561,27417344,3/21/2019 7:36:17 PM,108,336,NULL,0,0.2
86561,27417353,3/21/2019 7:36:42 PM,109,328,NULL,0,0.2
86561,27417362,3/21/2019 7:37:07 PM,110,327,NULL,0,0.2
86561,27417371,3/21/2019 7:37:33 PM,111,326,NULL,0,0.2
86561,27417379,3/21/2019 7:37:58 PM,111,329,NULL,0,0.2
86561,27417388,3/21/2019 7:38:23 PM,112,331,NULL,0,0.2
86561,27417398,3/21/2019 7:38:48 PM,112,335,NULL,0,0.2
86561,27417406,3/21/2019 7:39:13 PM,111,333,NULL,0,0.2
86561,27417415,3/21/2019 7:39:39 PM,111,330,NULL,0,0.2
86561,27417424,3/21/2019 7:40:04 PM,112,327,NULL,0,0.2
86561,27417433,3/21/2019 7:40:29 PM,112,328,NULL,0,0.2
86561,27417442,3/21/2019 7:40:54 PM,110,330,NULL,0,0.2
86561,27417450,3/21/2019 7:41:19 PM,109,327,NULL,0,0.2
86561,27417459,3/21/2019 7:41:45 PM,109,330,NULL,0,0.2
86561,27417467,3/21/2019 7:42:10 PM,109,328,NULL,0,0.2
86561,27417476,3/21/2019 7:42:35 PM,109,330,NULL,0,0.2
86561,27417485,3/21/2019 7:43:00 PM,110,335,NULL,0,0.2
86561,27417486,3/21/2019 7:43:02 PM,110,335,Mash 1,0,0.2
86561,27417489,3/21/2019 7:43:10 PM,110,331,NULL,0,0.2
86561,27417498,3/21/2019 7:43:35 PM,125,314,NULL,0,0.2
86561,27417507,3/21/2019 7:44:00 PM,125,324,NULL,0,0.2
86561,27417517,3/21/2019 7:44:25 PM,127,328,NULL,0,0.2
86561,27417525,3/21/2019 7:44:50 PM,126,328,NULL,0,0.2
86561,27417533,3/21/2019 7:45:16 PM,128,333,NULL,0,0.2
86561,27417541,3/21/2019 7:45:41 PM,130,328,NULL,0,0.2
86561,27417548,3/21/2019 7:46:06 PM,132,325,NULL,0,0.2
86561,27417556,3/21/2019 7:46:31 PM,134,321,NULL,0,0.2
86561,27417564,3/21/2019 7:46:57 PM,135,329,NULL,0,0.2
86561,27417571,3/21/2019 7:47:22 PM,137,330,NULL,0,0.2
86561,27417579,3/21/2019 7:47:47 PM,138,329,NULL,0,0.2
86561,27417587,3/21/2019 7:48:12 PM,141,325,NULL,0,0.2
86561,27417595,3/21/2019 7:48:37 PM,141,326,NULL,0,0.2
86561,27417603,3/21/2019 7:49:03 PM,143,326,NULL,0,0.2
86561,27417611,3/21/2019 7:49:28 PM,144,322,NULL,0,0.2
86561,27417619,3/21/2019 7:49:53 PM,146,325,NULL,0,0.2
86561,27417627,3/21/2019 7:50:18 PM,146,328,NULL,0,0.2
86561,27417635,3/21/2019 7:50:43 PM,147,335,NULL,0,0.2
86561,27417643,3/21/2019 7:51:09 PM,145,335,NULL,0,0.2
86561,27417651,3/21/2019 7:51:34 PM,148,333,NULL,0,0.2
86561,27417659,3/21/2019 7:51:59 PM,149,328,NULL,0,0.2
86561,27417666,3/21/2019 7:52:24 PM,148,329,NULL,0,0.2
86561,27417673,3/21/2019 7:52:49 PM,149,330,NULL,0,0.2
86561,27417680,3/21/2019 7:53:15 PM,149,332,NULL,0,0.2
86561,27417687,3/21/2019 7:53:40 PM,149,338,NULL,0,0.2
86561,27417694,3/21/2019 7:54:05 PM,150,334,NULL,0,0.2
86561,27417702,3/21/2019 7:54:30 PM,148,332,NULL,0,0.2
86561,27417710,3/21/2019 7:54:56 PM,149,330,NULL,0,0.2
86561,27417718,3/21/2019 7:55:21 PM,150,329,NULL,0,0.2
86561,27417726,3/21/2019 7:55:46 PM,149,328,NULL,0,0.2
86561,27417734,3/21/2019 7:56:11 PM,148,328,NULL,0,0.2
86561,27417742,3/21/2019 7:56:37 PM,148,327,NULL,0,0.2
86561,27417750,3/21/2019 7:57:02 PM,148,331,NULL,0,0.2
86561,27417758,3/21/2019 7:57:27 PM,148,329,NULL,0,0.2
86561,27417767,3/21/2019 7:57:52 PM,147,334,NULL,0,0.2
86561,27417774,3/21/2019 7:58:18 PM,149,330,NULL,0,0.2
86561,27417781,3/21/2019 7:58:43 PM,146,331,NULL,0,0.2
86561,27417789,3/21/2019 7:59:08 PM,145,330,NULL,0,0.2
86561,27417797,3/21/2019 7:59:33 PM,145,329,NULL,0,0.2
86561,27417808,3/21/2019 7:59:59 PM,150,329,NULL,0,0.2
86561,27417816,3/21/2019 8:00:24 PM,149,326,NULL,0,0.2
86561,27417824,3/21/2019 8:00:49 PM,150,331,NULL,0,0.2
86561,27417832,3/21/2019 8:01:14 PM,148,328,NULL,0,0.2
86561,27417840,3/21/2019 8:01:39 PM,146,328,NULL,0,0.2
86561,27417849,3/21/2019 8:02:05 PM,150,329,NULL,0,0.2
86561,27417857,3/21/2019 8:02:30 PM,149,330,NULL,0,0.2
86561,27417865,3/21/2019 8:02:55 PM,150,329,NULL,0,0.2
86561,27417874,3/21/2019 8:03:20 PM,149,331,NULL,0,0.2
86561,27417882,3/21/2019 8:03:46 PM,147,330,NULL,0,0.2
86561,27417889,3/21/2019 8:04:11 PM,148,329,NULL,0,0.2
86561,27417897,3/21/2019 8:04:36 PM,146,331,NULL,0,0.2
86561,27417905,3/21/2019 8:05:01 PM,148,328,NULL,0,0.2
86561,27417914,3/21/2019 8:05:26 PM,148,331,NULL,0,0.2
86561,27417922,3/21/2019 8:05:52 PM,149,327,NULL,0,0.2
86561,27417932,3/21/2019 8:06:17 PM,149,329,NULL,0,0.2
86561,27417940,3/21/2019 8:06:42 PM,147,329,NULL,0,0.2
86561,27417950,3/21/2019 8:07:07 PM,149,330,NULL,0,0.2
86561,27417959,3/21/2019 8:07:32 PM,145,329,NULL,0,0.2
86561,27417967,3/21/2019 8:07:58 PM,146,329,NULL,0,0.2
86561,27417977,3/21/2019 8:08:23 PM,147,327,NULL,0,0.2
86561,27417988,3/21/2019 8:08:48 PM,148,331,NULL,0,0.2
86561,27417998,3/21/2019 8:09:13 PM,148,330,NULL,0,0.2
86561,27418008,3/21/2019 8:09:39 PM,145,330,NULL,0,0.2
86561,27418018,3/21/2019 8:10:04 PM,148,330,NULL,0,0.2
86561,27418030,3/21/2019 8:10:29 PM,149,328,NULL,0,0.2
86561,27418041,3/21/2019 8:10:54 PM,150,330,NULL,0,0.2
86561,27418052,3/21/2019 8:11:19 PM,146,330,NULL,0,0.2
86561,27418065,3/21/2019 8:11:45 PM,145,328,NULL,0,0.2
86561,27418076,3/21/2019 8:12:10 PM,148,332,NULL,0,0.2
86561,27418089,3/21/2019 8:12:35 PM,150,330,NULL,0,0.2
86561,27418100,3/21/2019 8:13:00 PM,148,327,NULL,0,0.2
86561,27418110,3/21/2019 8:13:26 PM,145,330,NULL,0,0.2
86561,27418121,3/21/2019 8:13:51 PM,147,327,NULL,0,0.2
86561,27418132,3/21/2019 8:14:16 PM,148,328,NULL,0,0.2
86561,27418143,3/21/2019 8:14:41 PM,146,329,NULL,0,0.2
86561,27418154,3/21/2019 8:15:06 PM,147,329,NULL,0,0.2
86561,27418165,3/21/2019 8:15:32 PM,149,328,NULL,0,0.2
86561,27418176,3/21/2019 8:15:57 PM,146,328,NULL,0,0.2
86561,27418187,3/21/2019 8:16:22 PM,147,329,NULL,0,0.2
86561,27418198,3/21/2019 8:16:48 PM,148,330,NULL,0,0.2
86561,27418209,3/21/2019 8:17:13 PM,146,330,NULL,0,0.2
86561,27418220,3/21/2019 8:17:38 PM,149,328,NULL,0,0.2
86561,27418230,3/21/2019 8:18:03 PM,146,329,NULL,0,0.2
86561,27418240,3/21/2019 8:18:28 PM,148,333,NULL,0,0.2
86561,27418251,3/21/2019 8:18:53 PM,146,333,NULL,0,0.2
86561,27418262,3/21/2019 8:19:19 PM,145,331,NULL,0,0.2
86561,27418273,3/21/2019 8:19:44 PM,145,327,NULL,0,0.2
86561,27418284,3/21/2019 8:20:09 PM,150,326,NULL,0,0.2
86561,27418295,3/21/2019 8:20:34 PM,147,329,NULL,0,0.2
86561,27418306,3/21/2019 8:21:00 PM,149,327,NULL,0,0.2
86561,27418317,3/21/2019 8:21:25 PM,145,330,NULL,0,0.2
86561,27418330,3/21/2019 8:21:50 PM,146,337,NULL,0,0.2
86561,27418341,3/21/2019 8:22:15 PM,148,326,NULL,0,0.2
86561,27418353,3/21/2019 8:22:41 PM,150,331,NULL,0,0.2
86561,27418363,3/21/2019 8:23:06 PM,148,331,NULL,0,0.2
86561,27418373,3/21/2019 8:23:31 PM,149,332,NULL,0,0.2
86561,27418383,3/21/2019 8:23:56 PM,148,333,NULL,0,0.2
86561,27418393,3/21/2019 8:24:21 PM,149,328,NULL,0,0.2
86561,27418402,3/21/2019 8:24:47 PM,149,328,NULL,0,0.2
86561,27418414,3/21/2019 8:25:12 PM,148,328,NULL,0,0.2
86561,27418427,3/21/2019 8:25:37 PM,146,329,NULL,0,0.2
86561,27418437,3/21/2019 8:26:03 PM,146,332,NULL,0,0.2
86561,27418449,3/21/2019 8:26:28 PM,146,330,NULL,0,0.2
86561,27418460,3/21/2019 8:26:53 PM,145,328,NULL,0,0.2
86561,27418470,3/21/2019 8:27:18 PM,149,325,NULL,0,0.2
86561,27418480,3/21/2019 8:27:43 PM,145,331,NULL,0,0.2
86561,27418490,3/21/2019 8:28:09 PM,146,328,NULL,0,0.2
86561,27418500,3/21/2019 8:28:34 PM,147,329,NULL,0,0.2
86561,27418510,3/21/2019 8:28:59 PM,145,333,NULL,0,0.2
86561,27418522,3/21/2019 8:29:24 PM,148,330,NULL,0,0.2
86561,27418532,3/21/2019 8:29:50 PM,149,328,NULL,0,0.2
86561,27418542,3/21/2019 8:30:15 PM,149,332,NULL,0,0.2
86561,27418552,3/21/2019 8:30:40 PM,145,334,NULL,0,0.2
86561,27418555,3/21/2019 8:30:46 PM,148,334,Mash 2,0,0.2
86561,27418558,3/21/2019 8:30:53 PM,146,329,NULL,0,0.2
86561,27418567,3/21/2019 8:31:18 PM,152,328,NULL,0,0.2
86561,27418577,3/21/2019 8:31:43 PM,154,328,NULL,0,0.2
86561,27418589,3/21/2019 8:32:09 PM,153,332,NULL,0,0.2
86561,27418599,3/21/2019 8:32:34 PM,154,332,NULL,0,0.2
86561,27418609,3/21/2019 8:32:59 PM,154,326,NULL,0,0.2
86561,27418618,3/21/2019 8:33:24 PM,156,327,NULL,0,0.2
86561,27418628,3/21/2019 8:33:50 PM,155,329,NULL,0,0.2
86561,27418638,3/21/2019 8:34:15 PM,156,328,NULL,0,0.2
86561,27418648,3/21/2019 8:34:40 PM,155,332,NULL,0,0.2
86561,27418658,3/21/2019 8:35:05 PM,157,334,NULL,0,0.2
86561,27418668,3/21/2019 8:35:31 PM,156,330,NULL,0,0.2
86561,27418678,3/21/2019 8:35:56 PM,154,329,NULL,0,0.2
86561,27418688,3/21/2019 8:36:21 PM,157,327,NULL,0,0.2
86561,27418699,3/21/2019 8:36:46 PM,155,329,NULL,0,0.2
86561,27418708,3/21/2019 8:37:12 PM,157,327,NULL,0,0.2
86561,27418718,3/21/2019 8:37:37 PM,157,330,NULL,0,0.2
86561,27418727,3/21/2019 8:38:02 PM,156,332,NULL,0,0.2
86561,27418737,3/21/2019 8:38:27 PM,156,332,NULL,0,0.2
86561,27418747,3/21/2019 8:38:53 PM,155,332,NULL,0,0.2
86561,27418757,3/21/2019 8:39:18 PM,156,330,NULL,0,0.2
86561,27418767,3/21/2019 8:39:43 PM,156,333,NULL,0,0.2
86561,27418779,3/21/2019 8:40:09 PM,156,329,NULL,0,0.2
86561,27418789,3/21/2019 8:40:34 PM,157,331,NULL,0,0.2
86561,27418798,3/21/2019 8:40:59 PM,157,331,NULL,0,0.2
86561,27418808,3/21/2019 8:41:24 PM,158,329,NULL,0,0.2
86561,27418817,3/21/2019 8:41:49 PM,157,330,NULL,0,0.2
86561,27418821,3/21/2019 8:41:52 PM,157,333,Mash Out,0,0.2
86561,27418824,3/21/2019 8:42:00 PM,154,335,NULL,0,0.2
86561,27418834,3/21/2019 8:42:25 PM,167,315,NULL,0,0.2
86561,27418843,3/21/2019 8:42:50 PM,171,312,NULL,0,0.2
86561,27418853,3/21/2019 8:43:15 PM,171,328,NULL,0,0.2
86561,27418863,3/21/2019 8:43:41 PM,172,326,NULL,0,0.2
86561,27418873,3/21/2019 8:44:06 PM,173,327,NULL,0,0.2
86561,27418883,3/21/2019 8:44:31 PM,173,330,NULL,0,0.2
86561,27418893,3/21/2019 8:44:56 PM,174,332,NULL,0,0.2
86561,27418903,3/21/2019 8:45:21 PM,175,332,NULL,0,0.2
86561,27418912,3/21/2019 8:45:47 PM,174,335,NULL,0,0.2
86561,27418922,3/21/2019 8:46:12 PM,174,331,NULL,0,0.2
86561,27418932,3/21/2019 8:46:37 PM,175,330,NULL,0,0.2
86561,27418942,3/21/2019 8:47:02 PM,177,331,NULL,0,0.2
86561,27418952,3/21/2019 8:47:28 PM,177,330,NULL,0,0.2
86561,27418962,3/21/2019 8:47:53 PM,178,332,NULL,0,0.2
86561,27418972,3/21/2019 8:48:18 PM,177,333,NULL,0,0.2
86561,27418983,3/21/2019 8:48:43 PM,177,330,NULL,0,0.2
86561,27418993,3/21/2019 8:49:09 PM,177,332,NULL,0,0.2
86561,27419005,3/21/2019 8:49:34 PM,178,335,NULL,0,0.2
86561,27419014,3/21/2019 8:49:59 PM,176,336,NULL,0,0.2
86561,27419023,3/21/2019 8:50:24 PM,175,330,NULL,0,0.2
86561,27419034,3/21/2019 8:50:49 PM,176,329,NULL,0,0.2
86561,27419044,3/21/2019 8:51:15 PM,178,330,NULL,0,0.2
86561,27419054,3/21/2019 8:51:40 PM,176,327,NULL,0,0.2
86561,27419064,3/21/2019 8:52:05 PM,176,329,NULL,0,0.2
86561,27419075,3/21/2019 8:52:33 PM,225,315,NULL,0,0.2
86561,27419086,3/21/2019 8:52:58 PM,225,268,NULL,0,0.2
86561,27419096,3/21/2019 8:53:23 PM,218,259,NULL,0,0.2
86561,27419106,3/21/2019 8:53:49 PM,212,250,NULL,0,0.2
86561,27419116,3/21/2019 8:54:14 PM,215,250,NULL,0,0.2
86561,27419126,3/21/2019 8:54:39 PM,215,246,NULL,0,0.2
86561,27419136,3/21/2019 8:55:04 PM,213,240,NULL,0,0.2
86561,27419145,3/21/2019 8:55:30 PM,217,233,NULL,0,0.2
86561,27419156,3/21/2019 8:55:55 PM,214,229,NULL,0,0.2
86561,27419167,3/21/2019 8:56:20 PM,218,223,NULL,0,0.2
86561,27419171,3/21/2019 8:56:34 PM,217,221,Hops 1,0,0.2
86561,27419177,3/21/2019 8:56:46 PM,166,223,NULL,0,0.2
86561,27419187,3/21/2019 8:57:11 PM,187,288,NULL,0,0.2
86561,27419196,3/21/2019 8:57:37 PM,186,344,NULL,0,0.2
86561,27419205,3/21/2019 8:58:02 PM,188,341,NULL,0,0.2
86561,27419214,3/21/2019 8:58:27 PM,191,340,NULL,0,0.2
86561,27419223,3/21/2019 8:58:52 PM,193,337,NULL,0,0.2
86561,27419232,3/21/2019 8:59:17 PM,195,338,NULL,0,0.2
86561,27419241,3/21/2019 8:59:43 PM,196,334,NULL,0,0.2
86561,27419250,3/21/2019 9:00:08 PM,196,340,NULL,0,0.2
86561,27419259,3/21/2019 9:00:33 PM,198,340,NULL,0,0.2
86561,27419268,3/21/2019 9:00:59 PM,200,335,NULL,0,0.2
86561,27419277,3/21/2019 9:01:24 PM,201,340,NULL,0,0.2
86561,27419286,3/21/2019 9:01:51 PM,200,341,NULL,0,0.2
86561,27419295,3/21/2019 9:02:16 PM,201,340,NULL,0,0.2
86561,27419304,3/21/2019 9:02:42 PM,202,342,NULL,0,0.2
86561,27419313,3/21/2019 9:03:07 PM,201,340,NULL,0,0.2
86561,27419322,3/21/2019 9:03:32 PM,204,337,NULL,0,0.2
86561,27419331,3/21/2019 9:03:57 PM,204,336,NULL,0,0.2
86561,27419341,3/21/2019 9:04:23 PM,204,340,NULL,0,0.2
86561,27419350,3/21/2019 9:04:48 PM,203,340,NULL,0,0.2
86561,27419360,3/21/2019 9:05:13 PM,204,339,NULL,0,0.2
86561,27419369,3/21/2019 9:05:38 PM,203,341,NULL,0,0.2
86561,27419379,3/21/2019 9:06:04 PM,204,342,NULL,0,0.2
86561,27419387,3/21/2019 9:06:29 PM,203,343,NULL,0,0.2
86561,27419395,3/21/2019 9:06:54 PM,203,339,NULL,0,0.2
86561,27419404,3/21/2019 9:07:19 PM,203,341,NULL,0,0.2
86561,27419415,3/21/2019 9:07:45 PM,203,339,NULL,0,0.2
86561,27419426,3/21/2019 9:08:10 PM,202,341,NULL,0,0.2
86561,27419435,3/21/2019 9:08:35 PM,202,340,NULL,0,0.2
86561,27419442,3/21/2019 9:09:01 PM,203,340,NULL,0,0.2
86561,27419450,3/21/2019 9:09:26 PM,202,340,NULL,0,0.2
86561,27419457,3/21/2019 9:09:51 PM,204,340,NULL,0,0.2
86561,27419465,3/21/2019 9:10:16 PM,202,338,NULL,0,0.2
86561,27419472,3/21/2019 9:10:41 PM,201,337,NULL,0,0.2
86561,27419479,3/21/2019 9:11:07 PM,204,342,NULL,0,0.2
86561,27419486,3/21/2019 9:11:32 PM,202,335,NULL,0,0.2
86561,27419492,3/21/2019 9:11:57 PM,203,336,NULL,0,0.2
86561,27419499,3/21/2019 9:12:23 PM,200,340,NULL,0,0.2
86561,27419505,3/21/2019 9:12:48 PM,202,336,NULL,0,0.2
86561,27419511,3/21/2019 9:13:13 PM,205,339,NULL,0,0.2
86561,27419517,3/21/2019 9:13:38 PM,202,339,NULL,0,0.2
86561,27419524,3/21/2019 9:14:03 PM,204,336,NULL,0,0.2
86561,27419530,3/21/2019 9:14:28 PM,200,337,NULL,0,0.2
86561,27419536,3/21/2019 9:14:54 PM,205,339,NULL,0,0.2
86561,27419542,3/21/2019 9:15:19 PM,200,336,NULL,0,0.2
86561,27419548,3/21/2019 9:15:44 PM,202,336,NULL,0,0.2
86561,27419554,3/21/2019 9:16:09 PM,201,340,NULL,0,0.2
86561,27419560,3/21/2019 9:16:35 PM,201,343,NULL,0,0.2
86561,27419569,3/21/2019 9:17:19 PM,213,312,Hops 3,0,0.2
86561,27419575,3/21/2019 9:17:32 PM,194,302,NULL,0,0.2
86561,27419581,3/21/2019 9:17:57 PM,202,353,NULL,0,0.2
86561,27419587,3/21/2019 9:18:22 PM,202,348,NULL,0,0.2
86561,27419595,3/21/2019 9:18:48 PM,203,340,NULL,0,0.2
86561,27419602,3/21/2019 9:19:13 PM,204,340,NULL,0,0.2
86561,27419608,3/21/2019 9:19:38 PM,202,342,NULL,0,0.2
86561,27419614,3/21/2019 9:20:03 PM,202,342,NULL,0,0.2
86561,27419621,3/21/2019 9:20:28 PM,202,343,NULL,0,0.2
86561,27419627,3/21/2019 9:20:54 PM,201,343,NULL,0,0.2
86561,27419633,3/21/2019 9:21:19 PM,201,343,NULL,0,0.2
86561,27419640,3/21/2019 9:21:44 PM,203,341,NULL,0,0.2
86561,27419646,3/21/2019 9:22:09 PM,203,337,NULL,0,0.2
86561,27419653,3/21/2019 9:22:35 PM,201,334,NULL,0,0.2
86561,27419660,3/21/2019 9:23:00 PM,204,337,NULL,0,0.2
86561,27419666,3/21/2019 9:23:25 PM,201,338,NULL,0,0.2
86561,27419673,3/21/2019 9:23:50 PM,201,342,NULL,0,0.2
86561,27419680,3/21/2019 9:24:16 PM,204,338,NULL,0,0.2
86561,27419687,3/21/2019 9:24:41 PM,201,338,NULL,0,0.2
86561,27419693,3/21/2019 9:25:06 PM,201,335,NULL,0,0.2
86561,27419700,3/21/2019 9:25:31 PM,198,335,NULL,0,0.2
86561,27419707,3/21/2019 9:25:56 PM,200,338,NULL,0,0.2
86561,27419713,3/21/2019 9:26:22 PM,198,328,NULL,0,0.2
86561,27419719,3/21/2019 9:26:47 PM,200,356,NULL,0,0.2
86561,27419726,3/21/2019 9:27:12 PM,201,339,NULL,0,0.2
86561,27419733,3/21/2019 9:27:37 PM,201,337,NULL,0,0.2
86561,27419734,3/21/2019 9:27:39 PM,200,339,Hops 4,0,0.2
86561,27419738,3/21/2019 9:27:51 PM,198,333,NULL,0,0.2
86561,27419744,3/21/2019 9:28:17 PM,201,351,NULL,0,0.2
86561,27419750,3/21/2019 9:28:42 PM,205,346,NULL,0,0.2
86561,27419756,3/21/2019 9:29:07 PM,203,342,NULL,0,0.2
86561,27419763,3/21/2019 9:29:32 PM,203,343,NULL,0,0.2
86561,27419770,3/21/2019 9:29:57 PM,200,340,NULL,0,0.2
86561,27419777,3/21/2019 9:30:23 PM,205,342,NULL,0,0.2
86561,27419784,3/21/2019 9:30:48 PM,202,339,NULL,0,0.2
86561,27419791,3/21/2019 9:31:13 PM,204,338,NULL,0,0.2
86561,27419798,3/21/2019 9:31:38 PM,201,338,NULL,0,0.2
86561,27419806,3/21/2019 9:32:04 PM,202,343,NULL,0,0.2
86561,27419813,3/21/2019 9:32:29 PM,200,338,NULL,0,0.2
86561,27419819,3/21/2019 9:32:54 PM,205,336,NULL,0,0.2
86561,27419826,3/21/2019 9:33:19 PM,201,336,NULL,0,0.2
86561,27419832,3/21/2019 9:33:45 PM,204,342,NULL,0,0.2
86561,27419837,3/21/2019 9:34:10 PM,202,343,NULL,0,0.2
86561,27419843,3/21/2019 9:34:35 PM,200,341,NULL,0,0.2
86561,27419849,3/21/2019 9:35:00 PM,204,340,NULL,0,0.2
86561,27419855,3/21/2019 9:35:25 PM,203,339,NULL,0,0.2
86561,27419861,3/21/2019 9:35:51 PM,204,344,NULL,0,0.2
86561,27419867,3/21/2019 9:36:16 PM,204,343,NULL,0,0.2
86561,27419873,3/21/2019 9:36:41 PM,203,338,NULL,0,0.2
86561,27419878,3/21/2019 9:37:06 PM,200,338,NULL,0,0.2
86561,27419884,3/21/2019 9:37:32 PM,204,340,NULL,0,0.2
86561,27419891,3/21/2019 9:37:57 PM,202,336,NULL,0,0.2
86561,27419897,3/21/2019 9:38:22 PM,204,335,NULL,0,0.2
86561,27419903,3/21/2019 9:38:47 PM,200,338,NULL,0,0.2
86561,27419911,3/21/2019 9:39:12 PM,203,339,NULL,0,0.2
86561,27419917,3/21/2019 9:39:38 PM,202,340,NULL,0,0.2
86561,27419925,3/21/2019 9:40:09 PM,222,322,NULL,0,0.2
86561,27419933,3/21/2019 9:40:34 PM,221,277,NULL,0,0.2
86561,27419940,3/21/2019 9:40:59 PM,217,271,NULL,0,0.2
86561,27419947,3/21/2019 9:41:24 PM,213,267,NULL,0,0.2
86561,27419954,3/21/2019 9:41:50 PM,212,263,NULL,0,0.2
86561,27419961,3/21/2019 9:42:15 PM,213,259,NULL,0,0.2
86561,27419968,3/21/2019 9:42:40 PM,212,254,NULL,0,0.2
86561,27419974,3/21/2019 9:43:05 PM,211,250,NULL,0,0.2
86561,27419981,3/21/2019 9:43:30 PM,212,246,NULL,0,0.2
86561,27419988,3/21/2019 9:43:56 PM,215,242,NULL,0,0.2
86561,27419995,3/21/2019 9:44:21 PM,213,237,NULL,0,0.2
86561,27420002,3/21/2019 9:44:46 PM,211,233,NULL,0,0.2
86561,27420009,3/21/2019 9:45:10 PM,211,229,Brew Complete,0,0.2


